{"flutter":{"platforms":{"android":{"default":{"projectId":"test-609e7","appId":"1:604856355250:android:b423ffe83d35d60121fcab","fileOutput":"android/app/google-services.json"}},"dart":{"lib/firebase_options.dart":{"projectId":"test-609e7","configurations":{"android":"1:604856355250:android:b423ffe83d35d60121fcab","ios":"1:604856355250:ios:442eb503ca89b9fb21fcab","macos":"1:604856355250:ios:442eb503ca89b9fb21fcab","web":"1:604856355250:web:2eb1940fcbbbd3ac21fcab","windows":"1:604856355250:web:0903d512aed2dcad21fcab"}}}}}}